email, password
Perftest_Auditor11XhlAM@gmail.com,Pa55word11
Perftest_Auditor2XTJUK@gmail.com,Pa55word11
Perftest_Auditor25fetNH@gmail.com,Pa55word11
Perftest_Auditor16rJIGT@gmail.com,Pa55word11
Perftest_Auditor11FgoTk@gmail.com,Pa55word11
Perftest_Auditor8dTBwB@gmail.com,Pa55word11
Perftest_Auditor8GcJCt@gmail.com,Pa55word11
Perftest_Auditor23ieCLG@gmail.com,Pa55word11
Perftest_Auditor6HGbPp@gmail.com,Pa55word11
Perftest_Auditor10rZUIB@gmail.com,Pa55word11
Perftest_Auditor20jMRAC@gmail.com,Pa55word11
Perftest_Auditor13ETviJ@gmail.com,Pa55word11
Perftest_Auditor1vYSri@gmail.com,Pa55word11
Perftest_Auditor12SDrgo@gmail.com,Pa55word11
Perftest_Auditor18GHylx@gmail.com,Pa55word11
Perftest_Auditor23ktvuT@gmail.com,Pa55word11
Perftest_Auditor24wkPiX@gmail.com,Pa55word11
Perftest_Auditor11YEchz@gmail.com,Pa55word11
Perftest_Auditor8wKPvE@gmail.com,Pa55word11
Perftest_Auditor15yYNTR@gmail.com,Pa55word11