email,password
lau_service_logs@test.com,Password07
lau_service_logs1@test.com,Password07
lau_service_logs2@test.com,Password07
lau_service_logs3@test.com,Password07
lau_service_logs4@test.com,Password07
lau_service_logs5@test.com,Password07
lau_service_logs6@test.com,Password07
lau_service_logs7@test.com,Password07
lau_service_logs8@test.com,Password07
lau_service_logs9@test.com,Password07
lau_service_logs10@test.com,Password07
lau_service_logs11@test.com,Password07
lau_service_logs12@test.com,Password07
lau_service_logs13@test.com,Password07
lau_service_logs14@test.com,Password07
lau_service_logs15@test.com,Password07
lau_service_logs16@test.com,Password07
lau_service_logs17@test.com,Password07
lau_service_logs18@test.com,Password07
lau_service_logs19@test.com,Password07